[{"__class__": "Client", "__module__": "domain", "_clientName": "Britney"}, {"__class__": "Client", "__module__": "domain", "_clientName": "Sara"}, {"__class__": "Client", "__module__": "domain", "_clientName": "Tyrone"}, {"__class__": "Client", "__module__": "domain", "_clientName": "Trevor"}, {"__class__": "Client", "__module__": "domain", "_clientName": "Roger"}, {"__class__": "Client", "__module__": "domain", "_clientName": "Freddy"}, {"__class__": "Client", "__module__": "domain", "_clientName": "Polly"}]