[{"__class__": "Movie", "__module__": "domain", "_movieTitle": "Shutter Island", "_movieDescription": "10/10 would watch it again", "_movieGenre": "action"},{"__class__": "Movie", "__module__": "domain", "_movieTitle": "The Lobster", "_movieDescription": "Generic description", "_movieGenre": "thriller"},{"__class__": "Movie", "__module__": "domain", "_movieTitle": "Star Wars", "_movieDescription": "It was alright", "_movieGenre": "horror"},{"__class__": "Movie", "__module__": "domain", "_movieTitle": "Sharknado", "_movieDescription": "This was awful", "_movieGenre": "romance"},{"__class__": "Movie", "__module__": "domain", "_movieTitle": "Titanic", "_movieDescription": "Nice movie", "_movieGenre": "comedy"}]